{
  "run_id": "e6c54d38-072b-4622-a4f0-631fbefd4ee4",
  "elapsed_seconds": 6.54,
  "metrics": {
    "total_return": 23.64097390635578,
    "annualized_return": 0.6703470853563553,
    "max_drawdown": -0.21488811642596417,
    "trade_count": 802,
    "win_rate": 0.527431421446384
  },
  "target_rows": 1575,
  "trade_rows": 802,
  "data_quality_excluded_symbols": []
}