{
  "run_id": "031123d7-2896-4df0-bed6-bd0805e9cfcf",
  "metrics": {
    "total_return": 16.745952995688633,
    "annualized_return": 0.5848306640450536,
    "max_drawdown": -0.2624767292948029,
    "trade_count": 773,
    "win_rate": 0.5252263906856404
  },
  "fetched_symbols": [],
  "skipped_symbols_count": 0,
  "skipped_symbols": {},
  "data_quality_excluded_symbols": [
    "159363",
    "159381",
    "159516",
    "159567",
    "159583",
    "159633",
    "159636",
    "159667",
    "159806",
    "159813",
    "159814",
    "159845",
    "159851",
    "159885",
    "159922",
    "159928",
    "159939",
    "159941",
    "159966",
    "159967",
    "159991",
    "510100",
    "510170",
    "510210",
    "510310",
    "512000",
    "512010",
    "512040",
    "512070",
    "512100",
    "512170",
    "512200",
    "512480",
    "512670",
    "512690",
    "512710",
    "512760",
    "512800",
    "512890",
    "513100",
    "513500",
    "513770",
    "515000",
    "515050",
    "515070",
    "515220",
    "515880",
    "515980",
    "516160",
    "516780",
    "516800",
    "520880",
    "560010",
    "560780",
    "561330",
    "561980",
    "562590",
    "588170",
    "588760",
    "588790"
  ],
  "target_rows": 1575,
  "trade_rows": 773,
  "target_compare_rows": 1440,
  "target_match_count": 709,
  "target_match_ratio": 0.49236111111111114,
  "weak_compare_rows": 1574,
  "weak_match_count": 1335,
  "weak_match_ratio": 0.8481575603557815,
  "local_weak_ratio": 0.4866581956797967,
  "jq_weak_ratio": 0.48602287166454894
}