{
  "run_id": "b3c7dc74-f8ed-44fa-bb27-9b9af0ac98ba",
  "elapsed_seconds": 225.22,
  "metrics": {
    "total_return": 15.53123185163755,
    "annualized_return": 0.5669411204551007,
    "max_drawdown": -0.27726787381478857,
    "trade_count": 792,
    "win_rate": 0.5265151515151515
  },
  "target_rows": 1575,
  "trade_rows": 792,
  "data_quality_excluded_symbols": [
    "159922",
    "159928",
    "159939",
    "159941",
    "159966",
    "159967",
    "510170",
    "510210",
    "510310",
    "512000",
    "512010",
    "512040",
    "512070",
    "512100",
    "512170",
    "512200",
    "512480",
    "512670",
    "512690",
    "512710",
    "512760",
    "512800",
    "512890",
    "513100",
    "513500",
    "515000",
    "515880"
  ],
  "target_compare_rows": 1440,
  "target_match_count": 735,
  "target_match_ratio": 0.5104166666666666,
  "weak_compare_rows": 1574,
  "weak_match_count": 1335,
  "weak_match_ratio": 0.8481575603557815,
  "weak_mismatch_count": 239,
  "warmup_repair_rows": 27,
  "warmup_repair_skipped": {},
  "still_excluded_after_warmup_repair": [],
  "readded_after_warmup_repair": [
    "159922",
    "159928",
    "159939",
    "159941",
    "159966",
    "159967",
    "510170",
    "510210",
    "510310",
    "512000",
    "512010",
    "512040",
    "512070",
    "512100",
    "512170",
    "512200",
    "512480",
    "512670",
    "512690",
    "512710",
    "512760",
    "512800",
    "512890",
    "513100",
    "513500",
    "515000",
    "515880"
  ]
}