{
  "run_id": "b57ad570-b310-4930-8729-16ecdda470ad",
  "elapsed_seconds": 2.28,
  "metrics": {
    "total_return": 15.753766120807395,
    "annualized_return": 0.5702992564395744,
    "max_drawdown": -0.2859386254410272,
    "trade_count": 808,
    "win_rate": 0.530940594059406
  },
  "target_rows": 1575,
  "trade_rows": 808,
  "data_quality_excluded_symbols": []
}