lag,rows,match_count,match_ratio,local_weak_ratio,jq_weak_ratio
0,1574,1335,0.8481575603557815,0.4866581956797967,0.48602287166454894
1,1574,1574,1.0,0.48602287166454894,0.48602287166454894
2,1574,1335,0.8481575603557815,0.48538754764930114,0.48602287166454894
